"YEAR","mean(fatalities)","sd(fatalities)"
2009,85.6122448979592,64.400587922824
2010,81.8163265306122,61.5732481304631
2011,82.5510204081633,62.7719029747525
2012,87.1020408163265,65.6853621434475
2013,89.1734693877551,69.9565440238209
2014,87.9897959183673,73.6635559990973
2015,97.4183673469388,77.6274374213521
2016,105.255102040816,86.387679441387
2017,103.224489795918,87.0425338155776
2018,102.673469387755,85.5505849649157
2019,102.020408163265,83.9555576581286
