"YEAR","mean(fatalities)","sd(fatalities)"
2009,85.8469387755102,64.2559880543563
2010,82.0612244897959,61.3924029563366
2011,82.7755102040816,62.5922050764706
2012,87.4897959183673,65.4565638456021
2013,89.469387755102,69.7347262339235
2014,88.2142857142857,73.5708158745953
2015,97.6224489795918,77.5117570471642
2016,105.816326530612,86.1705748972298
2017,103.765306122449,86.7974061349819
2018,103.183673469388,85.3338316465393
2019,102.683673469388,83.7089455539129
